Salt Mass (g),Molar Mass (g/mol),Error (g/mol)
1.0012,75.57516548470045,2.5019241839873967
2.0027,75.58648817229802,1.1703786511718461
3.0041,78.413456388836,1.6792048474084507
