Salt Mass (g),Molar Mass (g/mol),Error (g/mol)
1.0,75.48458398391975,2.610172349794378
2.0,75.48458398391973,1.2280831161496373
3.0,78.30643759079526,1.6970562063861192
